<?xml version="1.0" encoding="utf-8"?>
<annotations>
  <version>1.1</version>
  <meta>
    <job>
      <id>2035662</id>
      <size>20</size>
      <mode>annotation</mode>
      <overlap>0</overlap>
      <bugtracker></bugtracker>
      <created>2025-02-12 21:31:21.392009+00:00</created>
      <updated>2025-02-12 21:39:06.988476+00:00</updated>
      <subset>default</subset>
      <start_frame>0</start_frame>
      <stop_frame>19</stop_frame>
      <frame_filter></frame_filter>
      <segments>
        <segment>
          <id>2038101</id>
          <start>0</start>
          <stop>19</stop>
          <url>https://app.cvat.ai/api/jobs/2035662</url>
        </segment>
      </segments>
      <owner>
        <username>augusto13</username>
        <email>augustobarth@alunos.utfpr.edu.br</email>
      </owner>
      <assignee>
        <username>augusto13</username>
        <email>augustobarth@alunos.utfpr.edu.br</email>
      </assignee>
      <labels>
        <label>
          <name>capacitor</name>
          <color>#b5614a</color>
          <type>any</type>
          <attributes>
          </attributes>
        </label>
        <label>
          <name>led</name>
          <color>#fa2d87</color>
          <type>any</type>
          <attributes>
          </attributes>
        </label>
        <label>
          <name>resistor</name>
          <color>#0976d7</color>
          <type>any</type>
          <attributes>
          </attributes>
        </label>
        <label>
          <name>seven_segments</name>
          <color>#be698f</color>
          <type>any</type>
          <attributes>
          </attributes>
        </label>
        <label>
          <name>transistor</name>
          <color>#6906f2</color>
          <type>any</type>
          <attributes>
          </attributes>
        </label>
      </labels>
    </job>
    <dumped>2025-02-12 21:41:49.267253+00:00</dumped>
  </meta>
  <image id="0" name="imagens/capacitor/00-01-v1-B.png" width="1000" height="1200">
    <box label="capacitor" source="manual" occluded="0" xtl="365.40" ytl="410.14" xbr="634.60" ybr="689.14" z_order="0">
    </box>
  </image>
  <image id="1" name="imagens/capacitor/00-01-v1-W.png" width="1000" height="1200">
    <box label="capacitor" source="manual" occluded="0" xtl="329.42" ytl="422.95" xbr="592.73" ybr="679.06" z_order="0">
    </box>
  </image>
  <image id="2" name="imagens/capacitor/00-01-v2-B.png" width="1000" height="1200">
    <box label="capacitor" source="manual" occluded="0" xtl="306.40" ytl="199.93" xbr="673.31" ybr="848.99" z_order="0">
    </box>
  </image>
  <image id="3" name="imagens/capacitor/00-01-v2-W.png" width="1000" height="1200">
    <box label="capacitor" source="manual" occluded="0" xtl="282.09" ytl="185.54" xbr="643.09" ybr="808.56" z_order="0">
    </box>
  </image>
  <image id="4" name="imagens/led/01-01-v1-B.png" width="1000" height="1200">
    <box label="led" source="manual" occluded="0" xtl="352.45" ytl="302.09" xbr="515.04" ybr="768.27" z_order="0">
    </box>
  </image>
  <image id="5" name="imagens/led/01-01-v1-W.png" width="1000" height="1200">
    <box label="led" source="manual" occluded="0" xtl="369.71" ytl="322.23" xbr="497.91" ybr="778.35" z_order="0">
    </box>
  </image>
  <image id="6" name="imagens/led/01-01-v2-B.png" width="1000" height="1200">
    <box label="led" source="manual" occluded="0" xtl="375.47" ytl="494.89" xbr="474.89" ybr="585.54" z_order="0">
    </box>
  </image>
  <image id="7" name="imagens/led/01-01-v2-W.png" width="1000" height="1200">
    <box label="led" source="manual" occluded="0" xtl="329.42" ytl="500.79" xbr="420.07" ybr="594.17" z_order="0">
    </box>
  </image>
  <image id="8" name="imagens/resistor/02-01-v1-B.png" width="1000" height="1200">
    <box label="resistor" source="manual" occluded="0" xtl="215.76" ytl="237.34" xbr="660.36" ybr="804.39" z_order="0">
    </box>
  </image>
  <image id="9" name="imagens/resistor/02-01-v1-W.png" width="1000" height="1200">
    <box label="resistor" source="manual" occluded="0" xtl="172.73" ytl="241.65" xbr="614.32" ybr="759.64" z_order="0">
    </box>
  </image>
  <image id="10" name="imagens/resistor/02-01-v2-B.png" width="1000" height="1200">
    <box label="resistor" source="manual" occluded="0" xtl="376.91" ytl="7.12" xbr="476.33" ybr="1017.19" z_order="0">
    </box>
  </image>
  <image id="11" name="imagens/resistor/02-01-v2-W.png" width="1000" height="1200">
    <box label="resistor" source="manual" occluded="0" xtl="366.83" ytl="27.27" xbr="494.89" ybr="972.59" z_order="0">
    </box>
  </image>
  <image id="12" name="imagens/seven_segments/03-01-v1-B.png" width="1000" height="1200">
    <box label="seven_segments" source="manual" occluded="0" xtl="362.52" ytl="385.54" xbr="579.78" ybr="684.82" z_order="0">
    </box>
  </image>
  <image id="13" name="imagens/seven_segments/03-01-v1-W.png" width="1000" height="1200">
    <box label="seven_segments" source="manual" occluded="0" xtl="381.22" ytl="428.85" xbr="543.81" ybr="674.89" z_order="0">
    </box>
  </image>
  <image id="14" name="imagens/seven_segments/03-01-v2-B.png" width="1000" height="1200">
    <box label="seven_segments" source="manual" occluded="0" xtl="343.81" ytl="435.90" xbr="545.25" ybr="641.65" z_order="0">
    </box>
  </image>
  <image id="15" name="imagens/seven_segments/03-01-v2-W.png" width="1000" height="1200">
    <box label="seven_segments" source="manual" occluded="0" xtl="404.24" ytl="489.28" xbr="584.10" ybr="683.53" z_order="0">
    </box>
  </image>
  <image id="16" name="imagens/transistor/04-01-v1-B.png" width="1000" height="1200">
    <box label="transistor" source="manual" occluded="0" xtl="267.55" ytl="447.41" xbr="657.48" ybr="608.56" z_order="0">
    </box>
  </image>
  <image id="17" name="imagens/transistor/04-01-v1-W.png" width="1000" height="1200">
    <box label="transistor" source="manual" occluded="0" xtl="268.99" ytl="490.58" xbr="628.85" ybr="633.02" z_order="0">
    </box>
  </image>
  <image id="18" name="imagens/transistor/04-01-v2-B.png" width="1000" height="1200">
    <box label="transistor" source="manual" occluded="0" xtl="264.68" ytl="493.60" xbr="650.29" ybr="638.78" z_order="0">
    </box>
  </image>
  <image id="19" name="imagens/transistor/04-01-v2-W.png" width="1000" height="1200">
    <box label="transistor" source="manual" occluded="0" xtl="274.89" ytl="496.33" xbr="645.97" ybr="635.90" z_order="0">
    </box>
  </image>
</annotations>
